"","X5m_mean_00s_bio1","X5m_mean_00s_bio12","X5m_mean_00s_bio7","cat"
"mean",24.4153540262896,0.0139052557163371,20.3538053683862,"average"
"sd",5.70454023144172,0.003715439920941,6.99369675020854,"average"
